Hindi	Telugu	Similarity_Score
मा घ रा !	మా గ రా !	0.3947
मैं उनकी त ला श में गई थी .	త నని వె తు కకు ంట ూ వెళళ ా ను .	0.5484
मुझे यह मि ला . हमें अ व श य जाना चाहिए .	- ఇది దొ రికి ంది . - మనం ఇక బయ లు దే ర ాలి .	0.5942
नहीं !	వదదు !	0.3902
जन म में खा मो श ी , दिल ट ू ट ने के प ल में खा मो श ी .	జ నన సమ య ము న ని శ బ ద ం , హ ృ దయ వే ద న సమ య ము న ని శ బ ద ం .	0.6705
जे र ला म रे ल का एक और बच चा . . .	జె ర లా మ రె ల య ొ కక మ రో బి డ డ . . .	0.6725
पर ज हाँ तक तुमहारी उ पस थ ि ति की बात है . . .	కానీ నువవు ఇకకడ ే ఉండే విష యా నికి వ సతే . . .	0.6207
तुम समझ ते हो न , कि यहाँ तुमहारा काम कि तना मह त व पू र ण है ?	ఇకకడ నీకు అ పప గి ంచిన పని ఎంత ముఖ య మెన ద ో నీకు తెలుసు కదా ?	0.6516
ओ ह , वाह .	ఓహ , వా వ .	0.5292
उनके चे ह रे , उनकी आ वा ज , जिस तरह से वे सा ँ स ले ते हैं , वह भी .	వారి ముఖ ాలు , వారి స వర ాలు , వారు ఊ పి రి తీసుకు నే వి ధా నం కూడా .	0.6379
तुमहें नि य म पता हैं .	ని య మ ాలు నీకు తెలుసు .	0.5018
ह नि वा .	హ నీ వా .	0.4074
मैंने पहले कया कहा था . . .	నే ని ంత క ముందు అ నన ద ంతా . . .	0.5108
मुझे पता है .	నాకు తెలుసు .	0.4495
मुझे लगता है हम सभी में से तुम समझ जाओ गी कि उसे कया चाहिए .	ఆమె కి ఇపపుడు ఏం అవ సర మో , అది అంద రిక ననా నీ కే తెలు స ను కుంటా ను .	0.6264
हाँ . लेकिन उसके बाद . . .	అవును . కానీ ఆ తర వాత . . .	0.6797
जे र ला म रे ल .	జె ర లా మ రె ల .	0.6181
को फ ु न .	కొ ఫ ూ న .	0.5663
हम लगा ता र आगे बढ ते हैं .	మనం ము ందుకు సా గు తుననా ం .	0.4940
दो और . . .	ఇ దద రు . . .	0.6548
और रा नी का कया ? कया तुमहें पता है वह कहाँ पर है ?	మరి మ హా రా ణ ి సం గ తే ంటి ? ఆ వి డ ఎ కక డు ందో నీకు తెలుసా ?	0.5803
और रा नी को कं जु आ ले जाना और उनहें सि ं हा स न पर आ सी न कर ा ओ .	యు వ రా ణ ి ని కం జు వా కి తీసు కె ళ లి , ప టట ా భి ష ే కం అ యయ ే లా చూడ ండి .	0.6770
मैंने उस की स हम ति नहीं दी है .	నేను ఇంకా దా నికి స మమ తి ంచ లేదు .	0.5623
नहीं .	రా దు .	0.3195
म हा रा नी ?	మ హా రా ణ ీ ?	0.3901
मुझे पर स पर वि रो ध ी बात ें मह सू स हो रही हैं .	నాకు పర స పర వి రు దధ మెన విష య ాలు తెలు సతుననా యి .	0.6376
बा बा .	బా బా .	0.3089
हि लो मत .	క ద ల వదదు .	0.4001
तुम कया कर रही हो ?	నువ వే ం చేసతుననా వు ?	0.4631
और तुम जो चि ल ला ए . . .	మరి అ రి చి న వయకతి . . .	0.5577
को फ ु न .	కొ ఫ ూ న .	0.5663
जे र ला म रे ल के बच च ों ,	జె ర లా మ రె ల పిలల లా రా ,	0.6187
लड के .	బా బ ూ .	0.3778
ह नि वा , को फ ु न ,	హ నీ వా , కొ ఫ ూ న ,	0.5968
यह सच नहीं है . ह नि वा , उनहें बता ओ कि यह सच नहीं है .	అది నిజ ం కాదు . హ నీ వా , అది నిజ ం కా దని అతనికి చెపపు .	0.5696
यह सच है , को फ ु न .	అదే నిజ ం , కొ ఫ ూ న .	0.5948
न व य ु व क .	కు ర రా డా .	0.4443
ठीक है .	సరే మరి .	0.3688
नहीं .	లేదు .	0.3291
ओ ह , हाँ .	అవును గా .	0.3533
मैं से ना को आगे बढ ा रहा हूँ . मैं तुमहें पीछे नहीं छोड सकता .	నేను సె నయా నని క ది లి సతుననాను . నినను ఒ ంట రి గా వది లే సి వెళళ లేను .	0.5833
आप उस पु ल के ऊ पर से ज ञ ा न ो द य स भा में जा सकते हैं .	ఆ వ ంత ె న గు ండా మీరు జ ఞ ా నో దయ ని వా సా నికి చే రు కో వచచు .	0.6755
नौ कर ों को , कयोंकि तुमहें उनकी ग ं ध पसंद नहीं थी .	త మ శ రీ ర వా స న న చచ లే దని పని వారి ని చం పా వ ని వి ననా ను .	0.5444
एक पिता अपने बच च ों की सु र कष ा के लिए यही करता है .	తన పిలల లని కా పా డు కో వ టా నికి ఒక త ండ రి చేసే ది అదే .	0.6208
जब तक तुमहारी फिर ौ ती का भ ु ग ता न नहीं हो जा ता ,	నినను వి డి పి ంచ డానికి అవ సర మెన డబబు లు అంద ే వర కూ ,	0.6056
एक बात स प ष ट कर द ूँ , वे पु रु ष का यर हो ते हैं .	స ప ష ట ంగా చెపప ాల ంటే , అలా ంటి వాళళు పి రికి ప ంద లు .	0.6443
मुझे लगता है , एक ल ं बे समय में पह ली बार . . .	నా ఉద దేశం లో , చాలా కాల ం తర వాత త ొ లి సారి గా . . .	0.6623
एक ही आदमी को यह करना चाहिए , एक - एक कर के .	ఒకక ొ కక ొ డి పని పడు త ూ , ఆ పని ని ఒ కకడ ే చేయ ాలి .	0.5320
कया ज ञ ा न ो द य स भा में एक म रह म लगा ने वाला है ?	ఆ జ ఞ ా నో దయ ని వా సం లో ఎవర ెనా వె ద యు లు ఉననా రా ?	0.6602
हाँ , म हा रा नी जी . मेरे साथ चार आदमी हैं .	అవును , మ హా రా ణ ి . నా కరి ంద న లు గు రు ఉననా రు .	0.6252
वह अ नि श चि त भ वि ष य का साम ना कर रही है . . .	తన ముందు ఒక అ గ మ య గో చ ర భ విష యత తు ఉంది . . .	0.7419
पह रे दार ों ने किस तरह के जू ते पह ने हैं ?	కా ప లా దా రు లు ఎలా ంటి బ ూ టలు ధ రి ంచి ఉననా రు ?	0.5775
वह उसे दूस रे क बी ले में ले जा सकते हैं .	ఆమె ని అతను వే రే తె గ వ దద కి తీసు కె ళళ గల డు .	0.6230
उनहें उनके ने ता के साम ने ले जा या गया .	ఆ వి డ ని వాళళ నా య కు డి వ దద కు తీసు కె ళళ ా రు .	0.5657
वह मेरी माँ है . तुमहें पता है , है न ?	తను నా తల లి . ఆ విషయం నీకు తెలుసు కదా ?	0.6035
तुमने य ु वा य ु व ति यों की जु बा न का ट दी	త గి న ంత త వర గా నినను మె పప ి ంచ లే క పోయా రని	0.6080
मैं बहुत छो टी थी जब मेरी माँ की म ृ त य ु हुई , लेकिन त ब भी मैं यह जान ती थी .	మా అమమ నేను చాలా చినన గా ఉనన పపుడ ే చని పోయింది , అయి నా కానీ నా క ది తెలుసు .	0.6032
जिस दिन तुम पै दा हुए थे , मैं तुमहारी र कष ा के लिए एक दी वार बन कर ख डा था ,	మీరు జ న మి ంచిన రోజు న , మి మమ లని కా పా డ టా నికి ఒక గో డ మీద ని ల చ ొ ని పో రా డా ను ,	0.6402
- कया तुमहें मेरी बात समझ आई ? - हाँ .	- నేను చెపపి ంది అరథ మె ందా ? - అరథ మె ంది .	0.5597
रा नी का अप हर ण कोई कैसे कर सकता है ?	మ హా రా ణ ి ని ఎవర ెనా ఎలా అ ప హ రి ంచ గల రు ?	0.5734
तो तुम सिर फ आ रा म कयों नहीं करती ?	అందు కని కా సత శా ంత ంగా ఉండ వచచు కదా ?	0.5504
जब आप का काम मह त व पू र ण होता है और आपको आ ग ंत ु क नहीं चाहिए हो ते हैं .	ఇంకా నీకు ఇ తరు ల జో క యం వదదు అని అను కు నన పపుడు ఇలా ంటి దే జరుగు తు ందే మో .	0.6421
अगर तुमने कोई सं के त नहीं दिया तो ?	ఒక వే ళ మీరు ఏ సం కే తా నని ఇవ వ కు ంటే ?	0.6056
इस त थ य को अ लग रख ो कि उसने अपने बच चे को गा ली खा ने के लिए छोड दिया	తన కొ డు కు ని వది లే సి అత డి ని ఒక న ర రూ ప రా కష సు డి గా మార చి న విష యా నని	0.6500
रा नी बन ने पर यह सब होता ही है .	సి ం హా స నం అ ననా క శ తరు వు లు ఉంటా రు .	0.5876
तुम सब कुछ ज ला कर रा ख न कर देना	అ పపుడు ఈ చ ో టి నం తా త గల బె టట ే య ండి ,	0.5483
के व ल कुछ चीज ें हैं जि न हें हमें पहले ह ल करने की आ व श य क ता है .	కానీ అంత కు ముందు కొనని విష య ాలను మనం మాటలా డి పరి ష కరి ంచుకో వాలి .	0.6060
कृ पया जान ो , हा ला ं कि मैंने उन कहा नि यों को मन ो र ं ज क पा या . . .	దయచేసి తెలుసు కో , నాకు ఆ క థ ల న నీ బాగా వి నో దానని అ ంది ంచి నా . . .	0.6340
- ह नि वा , नहीं ! - मार ना बंद करो !	- హ నీ వా , వదదు ! - శ ర సం ధా నం ఆ ప ండి !	0.6648
मुझे लगता है कि इस ी लिए वह कभी भी खुद उसे दू र नहीं कर स के	అందు కే ఆమె కి అ నని ంటి క ననా ఎకకువ న చచి న విష యా నికి వచచి న పపుడు ,	0.6080
मैं बता नहीं सकता मुझे रा ह त मि ली है या मैं उ म मी द कर रहा था हमें यह कभी नहीं मिले गा .	ఇది చూ సి ఆ న ంద పడ ాలో లే క ఇది అస లు క న బ డ దు అని ఆ శి ంచిన ందుకు బా ధ పడ ాలో అరథం కా వడం లేదు .	0.6573
तुमने खुद को गर वि त किया है .	నినను చూ సి నువ వే గర వ పడ ాలి .	0.6038
पर वे श करो , और दि ख जाओ गे . "	పర వే శి ంచా ర ంటే , చూడ బ డ తా రు . "	0.6357
अब हम आ रहे हैं , हम दोनों .	మేము వ సతుననా ం , ఇ దద ర మూ కూడా .	0.5559
और तुम इस न ई दु निया का नि र मा ण देख ने वा लों और द ृ ष टि ही न दोनों के लिए बना रहे हो .	మీరు ఈ కొతత పర ప ంచా నని , చూ పు నన వా రికీ , అలాగే చూ పు లే ని వా రికి కూడా ని ర మి ంచాలి .	0.6623
पर वे श करो , और दि ख जाओ गे .	పర వే శి ంచా ర ంటే , చూడ బ డ తా రు .	0.6110
पिता जी , आप मेरे पिता हैं .	నా ననా , నువ వే నా త ండ రి వి .	0.5097
कम से कम हम जानते हैं हम सही रा स ते पर जा रहे हैं .	క నీ సం మనం స రె న ది శ లో నే వెళ తుననా మన ెనా తెలి సింది .	0.5900
मेरा इसे जान ना आ व श य क है .	నేను తెలుసు కొ ని తీ ర ాలి .	0.5168
हम पीछे नहीं ह ट रहे हैं .	మనం వెన క కి వెళళ డం లేదు .	0.5080
तुम दोनों , ध यान से सुनो .	ఇ దద రూ , జా గర తత గా వి న ండి .	0.5340
यह वि शे ष रू प से कर ू र मह सू स होता था कि हर बार मेरी बह न पास थी . . .	మా అ కక నా దగగర ఉనన పర తీ సారి నా కే ద ో ఒక ర మెన గ గుర పా టు భా వ న కలి గే ది . . .	0.6910
और तुमहारी तरह , मुझे यकीन है कि वह जान जाए गी कि वह अ के ली नहीं है .	ఇంకా నువవు చేసిన టలు గా నే , తను కూడా ఒ ంట రి కా దని తన కి తెలి సే లా చే సతాను .	0.6072
अन गि न त पर ति द व ंद वि ता , शि का य त ें और पर ति श ो ध .	లె కక లే నన ని వె ర ాలు , వే ద న లు మరి యు పర తీ కార ాలు .	0.6369
लेकिन वह उस अं ध े रे की च पे ट में नहीं आया है .	కానీ అదే దు ష ట పర భా వా నికి అతను లో ను కాల ేదు .	0.6524
पै रि स , मुझे नहीं पता .	ప యా రి స , నాకు తె లీ దు .	0.6104
मैं उसके साथ र हूँ गी .	నేను అతని తో నే ఉంటా ను .	0.5190
उसका जन म सि द ध अ धि कार .	తన జ నన హ కకు విషయం లో .	0.5877
तुमहें कया लगता है हम किस ओ र जा रहे हैं ?	మనం ఎ కకడికి వెళ తుననా మని అనుకుంటుననా వు ?	0.5517
कया ख बर है , म हा रा नी ?	ఏ సమా చా రం , మ హా రా ణ ీ ?	0.5560
मैं और तुम उन से अ लग दु निया में रह ते हैं .	మని దద రి పర ప ంచ ం వే రు , అతని పర ప ంచ ం వే రు .	0.5943
हाँ , उसने बताया था .	అవును , త నే చెపపి ంది .	0.5011
यह उस प ल ही स प ष ट हो गया था जब उसे तुमहारे पास ला या गया था .	అత డి ని నీ ము ందుకు తె చచి న పపుడ ే నా కా విషయం తెలి సి పోయింది .	0.5740
तुम कया कह रही हो ? हम उसे यहाँ नहीं छोड रहे हैं , ह नि वा .	నువ వే ం మాటలాడు తుననా వు ? మనం త నని ఇకకడ వది లి వెళళ లే ం , హ నీ వా .	0.6184
वह पा गल हो गया है .	అతనికి మ తి తపప ి ంది .	0.4306
मुझे पता है कि आप की बह न किस के पास है .	నీ సో ద రి ఎవ రి దగ గ రు ందో నాకు తెలుసు .	0.6255
मुझे खे द है कि तुमहारे साथ ऐसा हुआ .	మీకు జరిగి న దా నికి నేను చి ం తి సతుననాను .	0.5524
मेरे बच च ों , मैं सब की तरह अं धा हूँ .	పిలల లా రా , అంద రి లా గా నేను గు డ డి వాడి నే .	0.5889
मैं तुमहें देख ना कभी बंद नहीं कर ूँगा .	అంతే గా క మీ ఇ దద రి నీ చూడ టం నేను ఆ ప ను .	0.5556
वि श वास करने से डर लगता था कि मैं बच गया और यह सच था .	నేను నిజంగా తపప ి ంచు కుననా నని , అది నిజ మే నని న మమ ాల ంటే భ యం .	0.5667
घ ं टी ब ज ती है तो हमें कैसे पता च ले गा कि तुम भा ग ने की कोशिश नहीं कर रही हो ?	గ ంట మ రో గి తే నే కదా , నువవు పా రి పో వ డానికి పర యత ని సతుననా వ ని మాకు తెలి సే ది ?	0.6464
हाँ , मै म , बिलकुल .	బాగా తెలుసు , మే డ మ .	0.5639
वह करो ध और मैं कि तना वि ना श का री था ?	ఎంత క రో ధ ంతో , ఎంత పర ళ య భ ీ కర ంగా ఉననా నో ?	0.5230
मैं यह कभी नहीं मान ना चाहता था , लेकिन पै रि स सही है .	దీ నని అస లు న మమ ాలని నాకు లేదు , కానీ ప యా రి స అ నన ది నిజ మే .	0.5889
और वह देख सकता है .	అతనికి చూ పు ఉంది .	0.4754
शा स न करने के लिए सि ं हा स न पर के न न हुआ , तो वे फिर से वापस आ जाएँ गे .	సి ం హా స నం మీద కే న వం శ సథ ు లు లే కపో తే , మర లా ఆ పరి సథి తు లే పు న రా వ ృ తత మ వు తా యి .	0.6768
वे मेरा जी व न हैं .	వాళళ ే నా జీవి తం .	0.5171
अपनी बह न को देखो .	నీ సో ద రి ని చూడు .	0.4415
हमेशा , छो टी बह न .	ఎ పపటి కీ , చె ల లె లా .	0.4540
" मान व अनु भ व में सबसे अस थ िर ध व नि खा मो श ी है . . .	పర క ృ తి రో ది సత ూ బర తి మ ాలు తరు ణ ంలో మా న వు నికి ఎ దు ర వ వు	0.6836
शायद तुम मेरे लिए उन में से कुछ की पु ष टि या ख ंड न कर सकती हो .	బహు శా వాటి లో కొనని ంటి ని నువవు రూ ఢ ీ చేయ వచచు , లేదా తి ర స కరి ంచ వచచు .	0.6299
घ ं टी ब ज तो हमें ज वा ब देना होगा .	గ ంట మ రో గి తే , మేము స ప ంది ంచాలి .	0.5857
और अब यह बा की की आ ठ उ ँ ग लिया ँ का ट ने के बाद . . .	ఇక మి గి లు నన ఎ ని మి ది వే ళళ తో మొద లు పె డ దాం . . .	0.6936
घ ं टी ब जी तो तुमहें इस के लिए कष ट झ े ल ना होगा .	గ ంట మ రో గి తే , నువవు దా నికి మూ ల యా నని చె ల లి ంచాలి .	0.6289
जिस ने तुमहारा दिल तो डा और फिर तुमहें छोड दिया .	అదే నీ మన సు ను వి రి చేసి , నినను వది లే సిన వాడు .	0.5327
रे श म श र मि को ं की प ं क ति यों के बी च ग श त लगा ते हुए .	ప టటు కార మి కు ల వ రు స ల మ ధయ ప హా రా కా సత ూ ఉననా రు .	0.7037
मैंने तुमसे तुमहारी आ ँ ख ें माँ गी थी ं , चु डै ल , तुमहारी रा य नहीं .	నీ క ళళ సా య మే అ డి గా ను , మా ంత రి కు డా , నీ అ భి పరా యా నని అ డ గ లేదు .	0.6510
वह मेरे साथ है .	అతను నా మని షి .	0.4864
कया वह उ ल लू है ?	అది గు డ ల గ ూ బ నా ?	0.6067
और इस के साथ सच चे वि ध र मि यों को भी खतम कर दिया .	దాని తో పా టు అస లె న పా పు లను తీసు కె ళ లి పోయా రు .	0.6134
कयोंकि मैं तुमहारा पिता हूँ .	ఎందుకంటే నేను మీ త ండ రి ని కను క .	0.4879
वे हमेशा तुमहारे सोच ने से अ धि क जानते हैं .	నువవు అను కు నన దాని క ననా ఎ కకు వే తెలుసు వాళళ కి .	0.5660
मैं खा मो श ी में आगे बढ सकती हूँ . तुम नहीं .	శ బ ద ం చేయ కుండా నేను వెళళ గల ను . నువవు వెళళ లే వు .	0.5832
वे दोनों बिलकुल एक जैसे थे .	వారి దద రూ సరి గ గా ఒక ే లా ఉంటా రు .	0.5357
तुमहारे पास उन पर हा वी होने के लिए पर या प त सै निक हैं , है न ?	వారి ని ఓ డి ంచ డానికి చ ాలి న ంత మ ను ష ు లు మీ దగగర ఉననా రు కదా ?	0.6430
अपनी माँ को हमेशा याद रख ना .	మీ అమమ ని ఎ పపటి కీ మరి చి పో వదదు .	0.4677
वह यहाँ से त व रि त ग ति से कुछ ही दिन दू र हैं .	వే గ ంగా వెళ తే , కొనని రోజు లలో వెళలి పో వచచు .	0.5959
बहुत दिन हो गए हैं , और मेरे लोगों को उन का कोई सं के त नहीं मि ला है .	ఇ పపటి కి చాలా రోజు లు గ డి చా యి , కానీ మా వే గు వాళళ కి వారి జా డ తెలియ డం లేదు .	0.6182
आपको लगता है कि यह सर ल है .	అది తే లి క అని అనుకుంటుననా వు .	0.4895
कया ह नि वा ने तुमसे बात की ?	నీ తో హ నీ వా ఏ మెనా మాటలా డి ందా ?	0.4959
लै व ें डर की मह क खतम हो गई है .	లా వె ండ ర వా స న తెలియ డం లేదు .	0.5813
तुम ह नि वा हो ?	నువవు హ నీ వా నా ?	0.4567
आप जे र ला म रे ल को बता सकते हो कि उनके बे टा और बे टी कयों इ तनी दू र आए	అతని కొ డు కూ , కూ తు రూ ఇంత ద ూ రం వచచి ంది , తిరిగి వెన క కి వెళలి పో వ డా ని కే అని	0.6376
- पिता जी . - को फ ु न , नहीं . रू को .	- నా ననా . - కొ ఫ ూ న , వదదు . ఆ గు .	0.7118
मुझे व ै सा कोई प ल नहीं याद जब उनहोंने बि ना चे ता व नी दि ए बात की हो .	మన లని హె చచ రి ంచ కుండా ఆ వి డ ఈ విషయం గురించి మాటలా డి న టలు నాకు గుర తే లేదు .	0.6420
इस मौ न को खतम करो जब तक तुम यह कर सकती हो .	అవ కా శం దొ రి న పపుడ ే ని శ బ దానని చే ధి ంచాలి .	0.5145
इस में लड के की गल ती नहीं है , और तुम उसके बि ना आगे नहीं बढ पा ओ गे .	అందు లో అస స లు ఆ కు ర రా డి తపప ే లేదు , అత నే లే కు ంటే , పు రో గ తే ఉండే ది కాదు .	0.6486
तुम और मैं एक साथ , छो टे भा ई .	నువ వ ూ నే న ూ కలి సి , త మ ము డ ూ .	0.6212
वह पहले ही प हा ड के पीछे से गु जर चु का है .	ఎపపుడ ో పర వ తం వె ను క ప కక కి వెళలి పోయింది .	0.6305
मैं ही कयों ?	నే నే ఎందు కని ?	0.4433
लेकिन एक पिता को भी पता होना चाहिए कब उसे उसके बच च ों को जाने देना चाहिए	కానీ త మ స వ ంత మార గా నని అను సరి ంచ డానికి వీ లు గా , తన పిలల లని ఎ పపుడు వది లే య ాలో కూడా	0.5664
एक यहाँ , पर वे श द वार पर .	పర వే శ ద వా రం వ దద ఒక రు ననా రు .	0.5783
मैं आ भा री हूँ कि उसने दो छ ा या ओ ं को पक ड वा ने में स हा य ता की .	ఇ దద రు ఛ ా య లను ప టటు కో వడం లో అతను చేసిన స హా యా నికి నేను క ృ త జ ఞ ు డి ని .	0.6776
य दि तुमहें लगता है कयोंकि तुमहारे पास द ृ ष टि है उससे हम स मान हो गए हैं . . .	నీకు క ంటి చూ పు ఉంది కను క , మన మి దద రం సమ ఉ జ జీ లని నువవు భా వి సత ూ ఉ ంటే . . .	0.6955
हमें अपनी बात ची त जा री रख ें , कयों ?	తిరిగి మనం మన సం భా ష ణ ని కొ న సా గి ద దా మా ?	0.5247
मुझे नहीं पता कि रा नी दि ख ती कै सी है .	మ హా రా ణ ి ఎలా గు ంటు ందో నాకు తెలియదు .	0.5928
को फ ु न , आ का श में भगवान ज वाला कहाँ है ?	కొ ఫ ూ న , ద ె వ జ వాల అ కా శం లో ఎ కక డు ంది ?	0.6864
तुम बैठ ी रही और तुम त ब तक रु की रही जब तक मैं ढ ंग से सा ँ स नहीं ले पा या .	నేను మ ళ లీ ఊ పి రి తీసుకు నే ంత వర కూ నువవు కూ రచ ో ని అలా నే వే చి చూశా వు .	0.6747
अ चा न क से , मैं अपनी माँ के लिए फिर से श ो क म ना रही होती थी .	ఉనన టటు ండి , మా అమమ గుర త ొ చచి మ ళ లీ ఏ డు సత ూ కూ రచ ొ నే దానని .	0.6927
उनहें हमा रा पता चल ने तक कोई पह रे दार नहीं बच ना चाहिए .	కా ప లా దా రు ల కి మనం ఇకకడ ఉననా మని తెలియ క ము ందే వారి ని లే పే య డం .	0.5724
कि तनी जलदी अं ध े रा होगा और तुम पूरी तरह से बे कार हो जाओ गी .	అని అ ంచ నా వే సతుననాను అంతే , అ పపుడు మీ వ లల లా భ ం ఉండ దు .	0.6582
मेरे पास एक मा तर घर वह बच चे हैं .	నాకు ఉనన ఏ కె క ని వా సమ ంటే , ఆ పిలల లే .	0.6038
लेकिन मैं उसे वह दू री द ूँगा जो उसे चाहिए .	కానీ తన కు కా వల సిన ఏ కా ంతా నని తన కి నేను ఇ సతాను .	0.5649
तो तुम अपने कुछ आद मि यों को य हीं रह ने दो . मैं खो ज जा री रख ूँगी .	అయితే నీ వాళళ ని కొ ంత మంది ని వది లి వెళళ ు . అన వే ష ణ ని నేను కొ న సా గి సతాను .	0.6143
तुमहें लगता है कि मैं बि ना यो ज ना के उसे बता ऊँ गी कि मैं कौन हूँ ? ह ँ ?	ఒక ప థ క మ ంట ూ లే కుండా ఆమె కి నే నె వర ో ఊ రి కే చెపప ే సతా నను కుననా వా ? ఆ ?	0.6546
इसलिए तुमहें उन से बात कर नी चाहिए .	అందు కే నువవు అతని తో మాటలాడ ాలి .	0.5277
इन में से किसी पर भी तुम वि वाद करना चा हो , या शायद श रे य के लिए दा वा करो ?	వీ టి లో ఏ వె నా అబ దధ ాలని తి ర స కరి ంచే టి వి , బహు శా వా సత వ ాలు అని ఒ పపు కొ నే టి వి ఉననా యా ?	0.5954
के व ल मुझे .	కే వల ం నన నే .	0.4678
और ज हाँ भी मैं उनहें बता ऊँ गा वे सभी बस वहाँ च ले जाएँ गे ?	అలా చెపపా క , నా మాట ని వాళళు వి ంటా రని అనుకుంటుననా రా ?	0.5814
मैं चु डै ल खो ज क हूँ , मा घ रा , और अभी इस व कत मेरे डे रे में एक बैठ ा हुआ है !	నేను మా ంత రి కా ంత కు డి ని , మా గ రా , ఇపపుడు నా గు డా రం లో ఒక మా ంత రి కు డు కూ రచ ొ ను ననా డు !	0.6599
लेकिन वह भगवान नहीं है , और न ही तुम हो .	కానీ అతను దేవు డే ం కాదు , మీ రి దద రూ కూడా కాదు .	0.5409
जब मैंने पह ली बार सुना , तो मुझे वि श वास नहीं हुआ , ब ल कि झ ू ठ लग रहे थे .	నేను మొద టి సారి వి నన పపుడు , అ వి చాలా అ తి గా అనిపి ంచా యి , న మమ శ క య ంగా అనిపి ంచ లేదు .	0.6587
तुमहें लगता है किसी ने उसके खि ला फ जाने का पर या स किया ?	ఎవర ెనా తన మీద తి రుగు బా టు చేసే పర యత నం చే సా ర ంటా వా ?	0.6275
किसी हा नि कार क चीज को रो क ने के लिए कि तनी क ठ ि न चीज ों को करना पड ता है .	దాని వ లల ఏ హా నీ జ రగ కుండా ఉండే ందుకు ఎంత ె ంత ప ను లు చేసతా రో మీరు తెలుసు కో వాలి .	0.6242
भ ूल जाओ मैंने पूछ ा .	అ డి గి నన ందుకు మన ని ంచు .	0.4650
आप ऐसा कयों करेंगे ?	నువవు ఎందు క లా చేశా వు ?	0.4264
यह तुमहारे लिए एक गु द गु दी की तरह होगा .	నీకు ఇది చ క కి లి గి ంత లా గా అనిపి సతుంది అంతే .	0.5522
यह दिन आ गया है , और तुमहें अपने पिता से मिल ना चाहिए .	ఈ రోజు రా నే వచచి ంది , ఇక మీరు మీ త ండ రి ని కల వాలి .	0.6263
कं प नी जाने की तै या री में है .	ద ళ ం బయ లు దే ర డానికి సి దధ ంగా ఉంది .	0.5771
त ब तक नहीं जब तक तुमने ख बर नहीं सु नी .	క నీ సం నేను చెపప ే సమా చా రం వి నే దా కా వెళళ కు .	0.5363
बोल ने वाला अ ग ला आदमी मैं हो ऊ ं गा , जब मैं तुमहें अंदर बु ला ऊ ं गा .	నేను మి మమ లని లో ప లి కి ర మమ నే దా కా ఇం కె వ వర ూ నో రు తె ర వ కూడ దు .	0.6746
हम यहाँ रात के लिए डे रा डा ल ेंगे . तुमहारे पा पा , खो ज ने के लिए आगे गए हैं .	రాత రికి ఇకకడ ే ఉంటా ం . చు టటు ప కక ల వే గు చూడ టా ని కని మీ త ండ రి వెళళ ా డు .	0.6874
कया तुमहें माँ मि ली ?	నీకు అమమ క న బ డి ందా ?	0.4540
उसे मेरी सु र कष ा परा प त है . और मैं रा जा की बे टी हूँ .	నా ర కష ణ లో ఉననా డు . మరి నేను మ హా రా జు కు మార తె ను .	0.6734
कया वह हमारे साथ आए गा या नहीं .	అతను మన తో వ సతా డా అ నన విషయం .	0.5718
सब ठीक है .	పర వాల ేదు .	0.4322
मेरे आदमी .	నా వాళళు .	0.4836
लेकिन मुझे यकीन नहीं है कि खत रा कहाँ है .	కానీ , అది సరి గ గా ఎకకడ ో తెలియ డం లేదు .	0.5944
- मैं जा ऊँ गी . - अरे .	- నేను వెళ తాను . - హేయ .	0.5622
ओ ह , पा पा .	ఓహ , నా ననా .	0.4271
उसके साथ मा घ रा हमेशा रहे गी .	అతని తో మా గ రా ఎ లల పపుడ ూ ఉంటుంది .	0.5445
के व ल को फ ु न और ह नि वा ही पार कर सकते हैं .	కే వల ం కొ ఫ ూ న , హ నీ వాల ే దా టి వెళళ గల రు .	0.6740
हमने बहुत दू र की या त रा की है और बहुत अ धि क कि मत चु का ई है , अब वापस नहीं जा सकते .	మనం చాలా ద ూ రం వచచా ం , చాలా కో ల పోయా ం , కాబటటి ఇపపుడు వె ను ది రగ డం త గ ని పని .	0.6842
मेरे ओ ह दे के कुछ पु रु ष इससे पर भा वि त हो सकते हैं . . .	నా సథ ా యి లో ని కొ ంద రు దీ ని పర భా వా నికి లో న యయ ే అవ కా శ ము ంది . . .	0.6699
मैं रा नी इसलिए नहीं बन ना चाहती कयोंकि म श ी न ें काम करती हैं .	య ంత రాల పని మీద ఆ ధా రి త మెన మ హా రా ణ ి పద వి నాకు అ కక ర లేదు .	0.5915
के व ल एक नि य म है , और वह यह है .	ని బం ధన ఒక ట ే ఉంది , ఇక అంతే .	0.6276
- हम एक साथ र हें गे . - को फ ु न .	- మన మ ంతా కలి సే ఉండ ాలి . - కొ ఫ ూ న .	0.6777
राज य का भ वि ष य दा ं व पर है .	రా జ య భ విష యత తు పర మా ద ంలో ఉంది .	0.6422
हम एक और रा सता खो ज ल ेंगे .	చు టట ూ మ రో దా రి గు ండా వెళ దాం .	0.5366
मुझे य ु द ध और मार ने का तुम से बहुत जयादा अनु भ व है .	చం ప డం లో నాకు ఎంత అను భ వం ఉ ందో నువ వ స లు ఊ హి ంచ ను కూడా లే వు .	0.6341
हाँ . और वे अपनी उ पस थ ि ति बता ने के लिए अपने ड ं डे से आ वा ज करते हैं .	అవును . వారి ఉ నికి కి సూ చి క గా త మ దు డ డు కర ర లను త డు త ూ ఉంటా రు .	0.6918
हम पै र की उ ँ ग लिया ँ का ट ेंगे .	క ాలి వే ళళ తో మొద లు పె డ దాం .	0.6277
मुझे पता है ज हाँ रा नी को र खा गया है .	మ హా రా ణ ి ఎ కక డు ందో నాకు తెలి సింది .	0.5969
मैं दू सर ों को बता ता हूँ .	వెళలి ఇ తరు లకు చెపపి వ సతాను .	0.5073
यह मान व है , है ना ?	అది మని షి దే కదా ?	0.4518
कुछ सही नहीं लगता .	ఏదో తే డా గా ఉంది .	0.4144
तुमने उनहें अ के ले भे ज दिया .	వారి ని ఒ ంట రి గా పం పే శా వు .	0.5889
हम इ तनी दू र इस तरह की चीज ों से वापस घ ू म जाने के लिए नहीं आए थे .	కే వల ం ఇలా ంటి ది ఒకటి ఎ దు రె ంది కదా అని వె ను ది రగ డానికి మన మి ంత ద ూ రం రాల ేదు .	0.6194
और मेरे आद मि यों को बता ऊ ं गा कि आपके व ं श को बचा ने के लिए उनके सभी परिवार मा रे गए ,	మీ వం శా నని కా పా డు కో వ డానికి , వాళళ కుటుం బ ాలను చం పే శా రని చె ప తా నను కుననా రా ,	0.6582
तुम जे र ला म रे ल को बता दो कि हम यहाँ हैं . वह समझ जाएँ गे .	మే మి కకడికి వచచా మని జె ర లా మ రె ల కి చెపపు . అతను అరథం చేసు కుంటా డు .	0.6304
- ब ू ट स ! - इस दर वा जे को खो लो !	- బ ూ ట స ! - ఈ త లు పు తె రు వు !	0.7312
कयोंकि उनहोंने तुमहें पर या प त रू प से त ृ प त नहीं किया .	యు వ చె లి క త తె ల నా లు క లను వ ండి పెటట ా వ ని వి ననా ను .	0.6384
- गु फा में . . . - मैं समझ ती हूँ .	- గు హ లో . . . - నేను అరథం చేసు కో గల ను .	0.6659
पै रि स , यह कया है ?	ప యా రి స , ఏ మె ంది ?	0.5755
मैंने यही देखा .	నేను చూ సింది అదే .	0.4920
और मेरे हि सा ब से मैंने वह वा दा पू रा किया है .	నాకు తెలి సిన ంత వర కూ , నా మాట ని నేను ని ల బె టటు కుననాను .	0.5809
आपके लिए सू र य कयों मा य ने रख ता है ?	స ూర యు డి కీ దీ ని కీ సం బం ధ మే మి టి ?	0.6311
हर बच चा आ ख िर कार एक पु ल पर आ ता है जि से उसे अ के ले पार करना होता है .	ఏదో క రోజు పర తీ పి ల లా డి జీవి తం లో కి ఒక వ ంత ె న వ సతుంది , దానని అత న ొ కకడ ే దా ట ాలి .	0.6491
ता कि जि तना हम उसे जानते हैं उसे न जर अं दा ज कर सक ें , ठीक है ?	అతని గురించి మన కి తెలి సిన దానని ప కక న పె డ దాం , సరేనా ?	0.5929
एक नौ कर ा नी और एक ड रा इ वर के साथ स ड क के कि ना रे पर पहु ँच गई ?	కే వల ం తన చె లి క త తె మరి యు ఒక డ రె వర తో రో డ డు మీద కి అస లు ఎలా వచచి ంది ?	0.6718
उसे हम सभी की जरूरत नहीं है .	తన కి మన మ ంతా ఉండ వల సిన అవ సరం లేదు .	0.5366
बो ला यन .	బో ల యన .	0.4040
बि ना दे व ता ओ ं के ! कया तुम समझ गए ?	ఏ దేవు ళళ ూ లే కుండా ! అరథ మె ందా ?	0.6241
ओ ह , मेरे बच चे .	ఓహ , నా పిలల లా రా .	0.5870
मैं चाहता हूँ तुम दोनों वह जान ो जि से जान ने के लिए हम निक ले थे .	మనం ఏమి తెలుసు కో వ డానికి మన ప య నం మొద లు పెటట ా మో అది మీ ఇ దద రూ తెలుసు కో వాలి .	0.6040
वे अपने घर ों को , उनके परिवार के पास लौ ट जाएँ गे .	చే రు తా ర నే హా మీ తో , మీరు చెపపి న ద ల లా చేశా రు .	0.6081
वे सभी मेरे खि ला फ हो गए थे .	అంద రూ నా మీద తి రుగు బా టు చేశా రు .	0.5739
आपको लगता है कि मैं वहाँ जा ऊँ गा	నేను మా వాళళ దగ గ రికి వెళలి ,	0.4825
कया हम मिल चु के हैं ?	మనం ఇంత కు ముందు కలి శా మా ?	0.5278
उन तक जि ं दा पहु ँच ने का एक मा तर तरी का है	ఆ వి డ ని చే రు కొ నే ఏ కె క దా రి ఏ ంట ంటే ,	0.5846
कैसे एक रा नी जो अपना मह ल कभी नहीं छोड ती	ఇది వర కు ఎపపుడూ కో ట బయట అ డు గు పెటట ని ఒక మ హా రా ణ ి	0.5967
तुम रु की रही ता कि मुझे पता च ले कि मैं अ के ला नहीं था .	నేను ఒ ంట రి గా లే నని నాకు తెలియ డానికి నువవు అలా నే వే చి ఉననా వు .	0.5823
तुमहें नहीं जाना चाहिए , मा घ रा .	నువవు వెళలి పో కూడ దు , మా గ రా .	0.5722
मुझे खत रा मह सू स हो रहा है .	పర మా ద ం పొ ంచి ఉ ందని తెలు సతోంది .	0.5441
के व ल जे र ला म रे ल के बच चे ही ज ञ ा न ो द य स भा में पर वे श कर सकते हैं .	జ ఞ ా నో దయ ని వా సా నికి , కే వల ం జె ర లా మ రె ల పిలల లే వెళళ గల రు .	0.6998
तुम तैयार हो ?	నువవు సి దద మే నా ?	0.3949
और यह उसे ड रा ता है .	దా నికి తను భ య పడు తోంది .	0.5442
जब उनहोंने काम करना चु ना , तो हम बहुत खुश थे .	అ వి పని చేసిన పపుడు , మన లని ఆ రా ధి ంచే వారు .	0.6167
मैंने ल ं बे समय से इस बारे में सो चा है .	నేను దీ ని గురించి చాలా కాల ం పా టు ఆలోచి ంచా ను .	0.5593
मैं कुछ नहीं देख सकती .	నా కే మీ క న బ డ టం లేదు .	0.5003
हम नहीं जानते कोई राज य पर शा स न कर भी रहा है .	అస లు ఎవర ెనా పరి ర కష ి సతుననా రా అ నన విషయం కూడా తెలియదు .	0.5785
तुम उसे बु ला सकते हो जो वह है . उस में कोई शक ति या जा दू नहीं है .	నువవు ఆ వి డ కి ఏ పే రె నా పె టటి పి ల వచచు . కానీ ఆ పేరు కి ఇకకడ పరా ధా న య తే ఉండ దు .	0.6467
जब उनहोंने नहीं किया , हम खुश नहीं थे .	అ వి పని చేయ న పపుడు , మన లని ఆ రా ధి ంచే వాళళు కాదు .	0.5407
कोई हमें यहाँ ढूँढ नहीं पा ए गा . यह एक गु फा है , अचछी तरह छ ु पी हुई .	ఇకకడ మన లని ఎవ వర ూ కని పెటట లే రు . ఇ దొ క గు హ , ఎవ వ రికీ క న బ డ దు .	0.7014
बाहर वे सै निक . . .	బయట ఉనన సి పా యి లు . . .	0.6153
पै रि स .	ప యా రి స .	0.4982
मुझे नहीं पता .	నాకు తె లీ దు .	0.4783
मैं तुमहारे परिवार की त ला श जा री रख ने के लिए एक द ल छोड द ूँगा .	నీ కుటుం బా నని గ ాలి ంచ డా ని కని ఒక ద ళ ా నని ఉ ంచి వెళ తాను .	0.6225
हम कयों रु क रहे हैं ?	ఎందుకు ఆ గు తుననా ం ?	0.4118
हम कयों रु क रहे हैं ?	ఎందుకు ఆ గు తుననా ం ?	0.4118
ख ून से स नी ? कया वह जी वि त है ?	ర క త పు మ డు గు లో నా ? ఆ వి డ బర తి కే ఉ ందా ?	0.6528
व ग ै रह - व ग ै रह .	ఇంకా , ఇంకా .	0.2510
वह यहाँ है .	ఆ వి డ వచచి ంది .	0.4416
अन गि न त ल डा इ यों से . . .	ఎ న లే ని యు దధ ాలు చేసి నా . . .	0.6495
मैं वि श वास नहीं कर सकती कि वह वा सत व में हमें छोड गए .	అతను మన లని వది లే శా డ ంటే నేను న మమ లే కపో తుననాను .	0.5794
मैं एक ऐ सी जगह जान ता हूँ ज हाँ हम छ ु प सकते हैं . मेरे पीछे आओ .	మనం సు ర కష ి తంగా తల దా చు కో గల చ ో టు నాకు తెలి సింది ఒకటి ఉంది . నా వె ంటే ర ండి .	0.6368
उस मे मन में कोई बात है . . .	త నే ద ో అ టటి పె టటు కొ ని ఉంటుంది . . .	0.5875
बडी ड ो रि यन ने एक बार कहा था . . .	అ గర జు డె న డ ో రి యన ఒ కా న ొ క సారి అ ననా డు . . .	0.6088
जब पर कृ ति रो ने के लिए भी ख माँ ग ती है . "	అత య ంత ఇ బబ ంది కర అను భ వం , ని శ బ ద ం . "	0.6737
कुछ के दू सर ों से जयादा हो ते हैं .	కొ ంద రి క ననా ఇం కొ ంద రికి ఎకకువ గా ఉంటా రు .	0.5637
पर वे श करो , और तुमहें आ ं का जाएगा .	పర వే శి ంచా ర ంటే , గు ణ గ ణ ాలు లె క కి ంచ బ డ తా రు .	0.5829
- ध यान से . - बे शक .	- జా గర తత . - తపప కుండా .	0.6339
जो उनहें बना ए र खा था .	ఆ ఆ శ ే వాళళ ని న డి పి ంచి ంది .	0.4314
अपनी माँ को याद रख ना .	మీ అమమ ని గుర తు తె చచు కో ండి .	0.4970
मैं जान ना चाहता हूँ मैंने किस लिए अपनी प तनी का ब लि दा न दिया है .	నా భా ర య ని త యా గం దే ని కోసం నేను చేశా నో నాకు తెలియ ాలి .	0.5559
के व ल एक नि य म है , और बस बात खतम .	ని బం ధన ఒక ట ే ఉంది , ఇక అంతే .	0.6315
2 0 साल तक , उनहोंने आप की आज ञ ा का पा ल न आपके इस वा दे पर किया कि एक दिन ,	ఇ ర వె ఏ ళళు గా , ఏదో క రోజు న , వారి ఇ ళళ కు , వారి కుటుం బ ాల చె ంత కు	0.6700
- यह सिर फ इसलिए है . . . - कोई बात नहीं .	- అది ఎందుకంటే . . . - పర వాల ేదు లే .	0.6629
दा वा किया कि दे व ता उनकी तरफ थे .	దే వ త లు వారి ప కక నే ఉననా రని పర క టి ంచా రు .	0.5273
इस दर वा जे को खो लो !	ఈ త లు పు తె రు వు !	0.5938
वह तुमहारा बे टा नहीं है .	అతను నీ కొ డు కు కాదు .	0.5273
गल ती का इससे कोई ले ना - देना नहीं है . मैं बस न जर अं दा ज नहीं कर सकता कि वह कौन है .	ఇది తపప ొ పపు ల పర శ న కాదు . అత నె వర ో తెలి సి కూడా నేను ఊ రు కొ ని ఉండ లేను .	0.6731
तुम पीछे रख े सै नि को ं की क मान सं भा ल रहे हो ?	ఇకకడ ే ఉండే వాళళ కి అ ధి ప తి వి నువ వే నా ?	0.6161
मुझे नहीं पता . . .	అమమ మన సు లో . . .	0.5711
यहाँ किसी की मौ त हुई थी .	మ రణ వా స న తెలు సతోంది .	0.5296
शायद नहीं .	కా కపో వచ చే మో .	0.3280
मैं इसे कर ूँगा . मैं उन सब को मार डा ल ूँगा .	ఆ పని నేను చేయ గల ను . వాళళ ంద రి పని ని నేను ప టట గల ను .	0.5636
दे व ता ओ ं ने बा ं ध छ ी न लिया .	దేవు ళళు ఆ న క టట ని తీ సే సు కుననా రు .	0.6122
तुम कया कह रही हो ? हमें पीछे मु ड ना होगा .	ఏం మాటలాడు తుననా వు నువవు ? మనం వెన క కి వెళలి పో వాలి .	0.5639
मैं तुमसे पयार करता हूँ , बच चे .	నువ వ ంటే నాకు పరా ణం , బా బ ూ .	0.5756
बढिया .	అంతే .	0.3812
ह नि वा और को फ ु न .	హ నీ వా మరి యు కొ ఫ ూ న .	0.5694
मैं भी नहीं .	నేను కూడా .	0.3970
मैंने सुना है तुमने नी ंद में ख र रा टे ले ने पर परे मि यों को मार डा ला .	ని దర లో గుర క పె డు తుననా రని నీ పరే మి కు ల నే చం పా వ ని వి ననా ను .	0.6494
- हम नहीं जानते कि वा सत व में कया हो . . . - माँ को यह नहीं चाहिए था .	- అస లే ం జరిగి ందో మన కి తె లీ దు . . . - అమమ కి ఇది ఇష టం లేదు .	0.6724
मेरा मतलब , ऐसा करने का कोई न कोई तो कार ण होगा , ह नि वा .	అంటే , దీ ని క ంత టి కీ ఒక కా రణ ం ఉ ండు ండ ాలి , హ నీ వా .	0.6022
लेकिन मुझे पता है वह उससे पयार करती थी .	కానీ తను అత డి ని పరే మి ంచి ందని మా త రం నాకు తెలుసు .	0.5360
मैं रा नी बन ना चाहती हूँ कयोंकि मैं हूँ .	నేను మ హా రా ణ ి ని కాబటటి మ హా రా ణ ి ని కా వాల ను కుననాను .	0.4753
वहाँ ख ून से स नी एक म हि ला थी , पीछे .	వె ను క ప కక , ర క త పు మ డు గు లో ఉనన ఒక మ హి ళ ఉంది .	0.6430
- आगे कया है ? - यह एक प हा डी दर रा है .	- ముందు ప కక ఏ ము ంది ? - పర వ త ాల న డు మ దా రి ఉంది .	0.6309
को फ ु न , उनहें बता ओ कि यहाँ कुछ भी नहीं है .	కొ ఫ ూ న , ఇకకడ ే మీ లే దని అతనికి చెపపు .	0.6103
उनहें जान ने की कोई आ व श य क ता नहीं है .	వా రికి తెలియ ాల సిన అవ సరం లేదు .	0.4925
वर ष ों तक , हमने अपने नीचे की म श ी नों के आ धा र पर सत ता सं भा ली .	ఎ నన ో ఏ ళళు గా , మన ది గు వ న ఉనన య ంత రాల పని తీ రు మీద ఆ ధా ర పడి మన ప ాల న సా గి ంది .	0.6710
मा घ रा , रा नी खत रे में है .	మా గ రా , మ హా రా ణ ి పర మా ద ంలో ఉంది .	0.5386
माँ के दि मा ग में . . . कया था .	ఏ ము ందో . . . నాకు తె లీ దు .	0.6822
और बा बा व ॉ स को याद करना , जिस ने तुमहें सभी चीज ें सि खा ई हैं .	ఇంకా మీ క న నీ నే ర పి న , బా బా వా స ని గుర తు తె చచు కో ండి .	0.6386
- उस को एक म रह म लगा ने वाले की जरूरत है . - नहीं . उसके पास पिता जी और पै रि स हैं .	- ఆమె కి వె ద యు ల అవ సరం ఉంది . - లేదు . తన కి నానన , ప యా రి స లు ఉననా రు .	0.7117
" हमारे साथ आए गा " ?	" మన తో వ సతా డా " ?	0.5742
ह नि वा , इससे कोई फर क नहीं पड ता कि कौन पहले बोल ता है .	హ నీ వా , ముందు ఎవరు మాటలా డా ర నన ది ముఖ యం కాదు .	0.6257
ई मान दा री से , मुझे लगता है तुमहें अपनी उ म मी द ों को पर बं धि त करना चाहिए .	నిజ ా యి తి గా చెపప ాల ంటే , నీ ఆ శ లని నువవు అ దు పు లో ఉ ంచుకో వాలి .	0.6575
जैसे कि द ृ ष टि तुमहें गल त होने से बचा ती है .	ఏదో చూ పు నీకు ని కక చచి గా చూ పే టట టు చెబు తుననా వు నువవు .	0.5958
बहुत सा रे लोग .	చాలా మంది చేశా రు .	0.4709
- तुमने मुझसे वा दा किया था ! - मैंने खो ज ने का वा दा किया था .	- నువవు నాకు మా టి చచా వు ! - వె తు కు తా నని మా టి చచా ను .	0.6059
तुम पर भ रो सा करने का डर . . .	నినను న మమ ాల ంటే భ యం . . .	0.6394
उनहोंने इसे गु स से में न ष ट कर दिया	క రో ధ ంతో దానని ధ వం సం చేసే సి ,	0.5786
आप कया कह रहे हैं ?	నువ వే ం మాటలాడు తుననా వు ?	0.4170
तुमहें याद है जब मैं पह ली बार तुमहारे पास आया था ?	మొ టట మొద టి సారి నేను నీ దగ గ రికి వచచి న పపటి సం గ తి నీకు గుర తు ందా ?	0.5539
मैंने तुमसे कहा था कि अगर तुमने मेरी कोई और चीज तो डी ,	ఇంకా నా వ సతు వు లను ఏ మ ననా నువవు ప గల గొ టట ా వ ంటే ,	0.6124
मैं इस ओ ह दे में हूँ और वे नहीं इसका एक कार ण है .	నేను ఈ సథ ా యి లో ఉండ టా నికి , వాళళు లే కపో వ డానికి ఓ కా రణ ం ఉంది .	0.5806
- मैंने कहा कि हम एक और रा सता खो ज ल ेंगे . - यहाँ कुछ नहीं है .	- మ రో దా రి గు ండా వెళ దా మని అ ననా ను . - ఇకకడ ే మీ లేదు .	0.6490
मैं उसके लिए खा ना ला ई हूँ , जैसे तुमने कहा .	మీ ర డి గి న టట ే , ఆ వి డ కి ఆ హా రం తె చచా ను .	0.6348
पर वा सत व में जिस में मुझे रु चि है , उस में एक वि शे ष परे मी शा मिल है . . .	నాకు బాగా ఆ స కతి కర మెన క థ మా త రం ఒక పరే మి కు ని గురించి . . .	0.6687
तुमहें अब पता होना चाहिए कि इस दु निया में देखा जाना कि तना ख तर ना क है .	ఈ లో క ంలో చూ పు ఉండ టం ఎంత పర మా ద కర మెన ద ో మీరు తెలుసు కో వాలి .	0.6324
सै नि को ं को तैयार करो . सं के त , कोई श बद नहीं .	సే నా ముఖ ము ను ఏ ర పా టు చేయ ండి . సం కే త ాల ే , మాట లు ఉండ కూడ దు .	0.6278
आप ने इसे न ष ट कर दिया .	మీరు దానని ధ వం సం చేసే శా రు .	0.4941
लेकिन मैं तुम दोनों को देख सकता हूँ .	కానీ నేను మీ ఇ దద రి నీ చూడ గల ను .	0.5623
दिल के ठीक ऊ पर एक ता बी ज ज डा हुआ होता है .	ఓ తా య ె త తు హ ృ ద యా నికి కా సత పె నే జ ొ పప ి సతా రని వి ననా ను .	0.5510
चे ट - चे ट !	పా రా హు ష ా ర !	0.5113
उनहें हमारे आ ने की उ म मी द नहीं होगी .	వాళళు మన రా కను ఊ హి సత ూ ఉండ రు .	0.5881
वह कि तनी दू र है ?	అది ఎంత ద ూ రం లో ఉంది ?	0.5342
मैं रा नी के लिए खा ना ला ई हूँ , जैसे तुमने कहा .	మీ ర డి గి న టట ే మ హా రా ణ ి కి ఆ హా రం తె చచా ను .	0.6241
लेकिन पहले , एक म रह म लगा ने वाला आ रही है .	కానీ అంత కు ముందు , ఒక వె ద యు లు వచచి మి మమ లని చూ సతా రు .	0.5957
मैंने हमारे व ं श को बचा या .	మా వం శా నని కా పా డా ను .	0.5327
- यहाँ कोई दूस रा रा सता है ? - नहीं , मुझे कोई दिखा ई नहीं दे रहा .	- ము ందుకు వెళళ డానికి వే రే దా రి ఏ మెనా ఉ ందా ? - లేదు , ఉనన టటు నా కే మీ క న బ డ టం లేదు .	0.6125
हम आप से फिर मिल ेंगे ?	మేము మ ళ లీ నినను కలు సతా మా ?	0.4620
तुमहें नहीं लगता यह अ जी ब है कि उनहोंने हमें कभी नहीं बताया वह कार ण कया था ?	తను ఆ కా రణ ం మన కి ఎపపుడూ చెపప కపో వడం నీకు వి ంత గా అనిపి ంచ లేదా ?	0.6056
और जब वे अस फ ल रहे , मेरे पास एक ही वि कल प था :	మరి వాళళు వి ఫ ల మ య యా క , నా ముందు ఒక ే దా రి మి గి లి ఉ ండి ంది :	0.5870
हम एक दूस रे को कभी नहीं समझ पा एँ गे .	నిజంగా మనం ఒక రి కొ క రం ఎపపుడూ అరథం చేసు కో లేదు .	0.5753
मैंने तुमहारी जि द , तुमहारे आ त म - वि ना श की कहा निया ँ सु नी थी ं .	నీ మొ ండి త నం గురించి , అలాగే నీ స వీ య వి నా శ క వె ఖ రి గురించి చాలా క థ లు వి ననా ను .	0.6071
मुझे लगता है कि यह मेरे पिता के लिए अ लग नहीं था .	మా నానన కి కూడా అలాగే అనిపి ంచ ంద ను కుంటా .	0.5683
और अ ग ली के न उ त त रा धि कार तुम हो .	మరి త దు పరి అస లె న కే న వా ర సు ర ాలి వి నీ వే .	0.5938
कया बच चे जानते हैं ?	పిలల ల కి తెలుసా ?	0.4712
हम करी ब र हें गे .	మనం దగగర గా నే ఉంటా ం .	0.5061
म गर , मा घ रा , अगर तुमहें उस पर भ रो सा हो तो बात अ लग है .	ఒక వే ళ మా గ రా , నీకు అత డి మీద న మమ క ము ంటే తపప .	0.6598
इन पे ड ों से परे एक पु ल है .	వ ృ కష ాలు దా ట గా నే ఒక వ ంత ె న ఉంటుంది .	0.5769
उ ल लू नहीं है . वह एक आदमी है .	గు డ ల గ ూ బ కాదు . మని షి ది .	0.6295
य दि तुम इस दु निया का नि र मा ण कर रहे हो . . .	మీరు పర ప ంచా నని ని ర మి ంచ ద లి సతే . . .	0.6343
ठीक है , जाओ . जाओ , अभी .	సరే మరి , వెళళ ండి . ఇక వెళళ ండి .	0.4632
आप ने अभी बताया कि हम पार कर सकते हैं .	మేము వెళళ వచచ ని ఇ పపుడ ే అ ననా వే .	0.5923
कोई कं जु आ नहीं है .	అస లు కం జు వా అ నే దే లేదు .	0.5029
हम अ लग - अ लग दु निया में नहीं रह ते .	మన పర ప ంచ ాలు వే ర వే రు కాదు .	0.5711
मैं जान ना चाहता हूँ कि उसने यह कैसे किया .	అతను అద ె లా చేశా డ ో నాకు తెలియ ాలి .	0.5260
इस तरह की मार से अ त य धि क पी डा पहु ँच ने पर भी खा मो श ी .	భ రి ంచ లే ని బా ధ ను కలి గి ంచు సమ య ము న ని శ బ ద ం .	0.6852
अ चा न क उन में द या की भा व ना आ जा ती है , उन का सं कल प कम जो र हो जा ता है . . .	ఉనన టటు ండి జ ాలి తో సత మ త వ వడం , వారి సం కల పం స నన గి లల డం . . .	0.6754
“ परे एक न ई दु निया है .	" ఓ కొతత పర ప ంచ ం ముందు ఉనన ది .	0.5572
आप जल द ही ठीक हो जाएँ गी , और हम कं जु आ लौ ट ेंगे .	మీరు త వర గా నే కో లు కుంటా రు , తిరిగి మనం కం జు వా కి చే రు కుంటా ము .	0.5914
मैं जान ना चाहता हूँ किस चीज के लिए हम सभी ने इतना ब लि दा न दिया .	మన మ ంతా ఇంత త యా గం దే ని కోసం చేశా మో నాకు తెలియ ాలి .	0.5554
और आप ने बस इसे छ ी न लिया .	మరి మీరు ఆ ఆ శ న ంత టి నీ తు ంచే శా రే .	0.5482
मुझे व ै सा कोई प ल नहीं याद जब उनहोंने बि ना दु ख ी हुए उनके बारे में बात की हो .	బా ధ పడ కుండా అమమ ఎపపుడూ తన గురించి మాటలాడ టా నని నేను వి న లేదు .	0.6060
कया कि तनी दू र है ?	ఏ ది ఎంత ద ూ రం లో ఉండే ది ?	0.5191
तुम मेरी बात सुनो . . .	చెపప ే ది వి ను . . .	0.5649
मैं ऐसा बहुत दि नों तक कर ूँगा जब तक तुम मुझे बता नहीं दे ती कि मेरी रा नी कहाँ है .	మా మ హా రా ణ ి ఎ కక డు ందో చెపప ే వర కూ రోజు ల తర బ డి ఇలా చే సత ూ నే ఉంటా ను .	0.6619
तुमहें अपने पिता से बात कर नी चाहिए .	నువవు నీ త ండ రి తో మాటలాడ ాలి .	0.5320
तुम मुझे कं जु आ वापस ले जाना चाहते हो ?	ననను తిరిగి కం జు వా కి తీసు కె ళ దా మ ను కుంటుననా వు కదా ?	0.5445
कभी - कभी अपने बच च ों की सु र कष ा का सबसे अचछा तरी का	ఒక కో సారి , నీ పిలల లను పరి ర కష ి ంచ డానికి గల అత యు తత మ మా రగ ం ఏ ంట ంటే ,	0.5707
मैंने उनहें मर ते हुए देखा .	ఆమె చని పో వడం చూశా ను .	0.4935
बिलकुल नहीं . मेरा परिवार मिल ने तक मैं नहीं जा ऊँ गी .	కు దర దు . నా కుటుం బం య ొ కక ఆ చూ కీ తెలి సే దా కా నే నె కకడి కీ వెళళ ే ది లేదు .	0.5596
जि तनी मेरी इ चछ ा थी , उ तना मैंने तुम पर भ रो सा किया है .	నాకు న చచి న ంత వర కే నీ స హ కా రం తీసు కుననాను .	0.6116
जिस कष ण वे हम में से किसी को सुन ते हैं , जिस कष ण वे हमें मह सू स करेंगे ,	వారు మన అ లి కి డి వి నన మ రు కష ణం , మన లని ప సి గ టటి న మ రు కష ణం ,	0.6458
और जब मैंने भ रो सा किया , त ब याद है , तुमने मुझे कया बताया ?	నీ దగ గ రికి వచచి న పపుడు నువ వే మ ననా వ ో గుర తు ందా ?	0.6255
हर की मत पर एक दूस रे की र कष ा करना .	ఎ టటి పరి సథి తి లలో న ూ ఒక రి కొ క రు ర కష ణ గా ఉండ ండి .	0.5517
ता कि उनहें अपना रा सता मिल जाए .	ఒక త ండ రికి తెలి సు ండ ాలి .	0.4312
लेकिन उसके पास भी द ृ ष टि है , है ना ?	కానీ అత డి కి చూ పు ఉంది కదా ?	0.5707
और उसके लिए कोई कार ण तो जरूर होगा .	దా నికి ఒక కా రణ ం ఉ ండు ండ ాలి .	0.5153
कुछ ऐसा जि से वह बता नहीं सकती . . .	అదే ంట ో చెపప లే కపో తుంది . . .	0.5700
इसका कया मतलब है ?	దా న రథ ం ఏమి టి ?	0.4913
वह बोल ती कयों नहीं ?	ఈ మె ఎందుకు మాటలాడ టం లేదు ?	0.4286
- बस . - यह पा गल प न है .	- ఇక చ ాలు . - ఇది పి చచి పని .	0.5856
हमने उनहें छो डा है .	నిజ ా నికి వది లే సింది మన మే .	0.4401
हम नहीं जानते कौन राज य पर शा स न कर रहा है .	రా జ యా నని ఇపపుడు ఎవరు పరి ర కష ి సతుననా రో కూడా మన కి తె లీ దు .	0.5493
तुमने इसे अपनी नी ंद में सुना .	అది నీ ని దర లో వి ననా వు .	0.5190
मेरे पास कहीं और जगह नहीं है .	ఇం కె కక డా నేను ఉండ లేను .	0.4977
वही एक मा तर दु निया है जिस में मैं रह ता हूँ .	నా పర ప ంచ మ ంతా నువ వ ూ , నీ సో ద రు డే .	0.6111
लड के . . .	పి ల లా డా . . .	0.6200
तुमहारे परिवार के शा स न से पहले अ राज क ता भ यान क थी .	మీ కుటుం బ ప ాల న కు ముందు ఉనన ఆ గ ంద రగ ో ళ పరి సథి తు లు భ యా న క ంగా ఉండే వి .	0.6209
हाँ , मै म .	అలాగే , మే డ మ .	0.5021
पर वे श करो , और मौ त पा ओ गे .	పర వే శి ంచా ర ంటే , మ రణ ం సం భ వి సతుంది .	0.5815
तुमने यही देखा .	నువవు చూ సింది అదే నా ?	0.4264
जे र ला म रे ल . . . तुमहारे पिता हैं ,	జె ర లా మ రె ల . . . మీ త ండ రి ,	0.6523
कया मा घ रा ने तुमहें यह बताया था ?	అది నీకు మా గ రా చెపపి ందా ?	0.4952
इस वि ध र मि यों को अ वि वा दि त रह ने देना . . .	ఆ పా పా నని అలాగే వది లే య డం . . .	0.5547
यह एक ऐ सी चीज है जिस पर हमें पु नर वि चार करना चाहिए .	మనం ఓ విషయం మీద పు న ర ాలో చి ంచ ాలను కుంటా .	0.5561
द ृ ष टि का उ प हा र अं धा हो सकता है .	చూ పు అ నే వ రం , మి మమ లని గు డ డి వాళళ ని చేయ గల దు .	0.6208
इस मा म ले में मेरे पास कोई वि कल प नहीं है , और न ही तुमहारे पास .	ఈ విషయం లో నాకు మ రో దా రి లేదు , నీకు కూడా లేదు .	0.5674
- हाँ . - ठीक है .	- అరథ మె ంది . - సరే మరి .	0.5073
उसे सुन ना , उसे स ूँ घ ना , उसे छ ू ना . . .	తన మాట లను వి న డం , తన వా స నని చూడ టం , త నని తా క డం . . .	0.6326
मैं पै रि स से स हम त हूँ .	నేను ప యా రి స తో ఏ కీ భ వి సతుననాను .	0.5544
मैंने वही किया जि से करने की जरूरत थी .	నేను ఏ ది చేయ ాలో అదే చేశా ను .	0.5153
तो , तुम नि श चि त हो ? चार पह रे दार और उनके बी च में जगह ?	అయితే , నువవు ఖ చచి త మే కదా ? న లు గు రు కా ప లా దా రు లూ , ఇంకా వారి మ ధయ ఉనన ఎ డ ము ?	0.6553
हाँ , है .	అది తే లి కే .	0.3799
और अब , उसके पास तुम दोनों र हो गे .	ఇక ఇ పపటి నుండి , మీ ఇ దద రూ కూడా అతని తో ఉంటా రు .	0.5887
कर म चा री सभी स थ िर हैं , है ना ? के व ल पह रे दार चल रहे हैं ?	అయితే కార మి కు ల ంద రూ ఉనన సథ ా నం లో నే ఉననా రా ? కే వల ం కా ప లా దా రు లే తి రుగు తుననా రా ?	0.6124
यहाँ एक घ ु स पै ठ िया है ! यहाँ कोई है !	ఎవర ో ఆ గ ంత కు డు పర వే శి ంచా డు ! ఇ కకడికి ఎవర ో వచచా రు !	0.5836
रा नी यहाँ है .	మ హా రా ణ ి ఇకకడ ఉంది .	0.4103
हम बु रे देश में हैं , बा बा . अ ध म भ ू मि .	మనం దు ష ట నే లలో ఉననా ం , బా బా . ని య మ ాల లే ని నే లలో ఉననా ం .	0.5955
उनकी ओ र इ शा रा करो .	వాళళు ఎ కక డు ననా రో చూ పి ంచు .	0.5146
- अब वह समय है . - नहीं , ये सच नहीं है .	- ఆ కష ణం ఇపపుడు రా నే వచచి ంది ; - లేదు , అది నిజ ం కాదు .	0.5562
या खुद से ही ज वा ब देना .	ఇం కో టి నా పా ప ంతో నే సమా ధా న మి వ వడం .	0.4945
कया तुमहें याद है कि तुमने कया किया था ?	నువ వే ం చేశా వ ో నీకు గుర తు ందా ?	0.5300
और मैंने इसे हर दिन किया है .	ఆ నా టి ను ండ ీ పర తీ రో జ ూ పో రా డు త ూ నే ఉననా ను .	0.5034
कोई आपके खि ला फ हो गया था . कौन था ?	మీకు వయ తి రే క ంగా ఎవర ో తి రుగు బా టు చేశా రు ? ఎవర ది ?	0.5239
कयों ?	ఎందుకు ?	0.2688
पह रे दार ों .	కా ప లా దా రు లా రా .	0.4258
लेकिन उनहोंने मुझे छोड दिया .	కానీ నన నే వది లే శా రు .	0.4815
मेरी बच ची .	నా చి టటి తల లీ .	0.3509
लेकिन मैं सही था .	కానీ నేను చెపపి ంది నిజ ం .	0.4325
तुम इससे बेह तर जिंदगी की ह क दार थी .	నీకు స రె న నయా యం జ రగ లేదు .	0.5814
मैं ठीक हूँ .	నాకు బాగా నే ఉంది .	0.3797
मैंने सुना है कि जब एक पा यान सम रा ट सि ं हा स न पर च ढ ता है ,	ప యా న రా జు సి ం హా స నా నని అ ధి ష టి ంచే ట పపుడు ,	0.6271
सबसे पहले , वह लड का .	ముందు గా , ఈ కు ర రా డి గురించి .	0.4052
और तुम ठीक नहीं हो .	నీకు ఆ రో గ యం బాగా లేదు కూడా .	0.4504
जो उसके लिए सबसे पया री थी :	తన కి తాను చెపప లే క పోయా డ ని నా అ భి పరా యం .	0.4663
एक न या भगवान भी तर रह ता है .	అందు లో ఓ కొతత దేవు డు ని వా స ము ంటుననా డు .	0.5039
वे अ लग हैं . उनहें इस समय अ लग चीज ों की जरूरत है .	వారి దద రి మన స తత వ ాలు భి నన మెన వి . ఈ కష ణ ా న కూడా వా రికి భి నన మెన వి కావాలి .	0.5645
बहुत अचछ े .	మంచిది .	0.2791
च म डे के , शायद .	తో లు వి , అను కుంటా ను .	0.4749
आप पार नहीं कर सकते .	మీరు వెళళ లే రు .	0.4067
मेरा ड ं डा .	నా కర ర .	0.3467
उ प - श ी र ष क अनु वाद क : ज शन	ఉ ప శ ీ ర షి క లను అ నువ ది ంచిన ది : అ లే ఖ య	0.6421
मैंने चार पह रे दार देख े .	నేను న లు గు రు కా ప లా దా రు లని చూశా ను .	0.4542
कयोंकि मैं उनकी रा नी हूँ .	ఎందుకంటే నేను వారి మ హా రా ణ ి ని కాబటటి .	0.4216
तुमहारे आदमी ?	నీ వాళళ ా ?	0.3833
कया ऐ सी परि स थ ि ति आ ने वाली है ?	అంత వర కూ వ సతు ంద ంటా వా ?	0.5576
एक खो ई हुई माँ , और एक न या पिता .	తల లి ని కో ల పోయింది , ఓ కొతత త ండ రి ని కల వ బో తుంది .	0.5097
तुम गल त हो .	నువవు పొ ర బ డ డా వు .	0.4545
उसे पता है .	అది తన కి తెలుసు .	0.4450
जिस कष ण अ ला र म ब जा , यह स मा प त हो जाएगा .	మి గ తా వారి ని హె చచ రి ంచిన మ రు కష ణం , ఇ ద ంతా వ ృ ధా అయి పో తుంది .	0.5383
पिता जी , मुझे कुछ दिखा ई नहीं दे रहा है .	నా ననా , నా కే మీ క న బ డ టం లేదు .	0.5872
वह अ के ले हों गे .	అతను ఒ ంట రి వా డె పో తా డు .	0.5322
फिर से वि चार करो .	నువవు పు న ర ాలో చి ంచుకో వాలి .	0.4550
वापस जाने के लिए !	జె ర లా మ రె ల తో వెళలి చెపపు !	0.4138
और एक दूस री खि ड की पर .	మర ొ క రు రె ండ వ కి టి కీ వ దద ఉననా రు .	0.5120
यह नहीं रख ता . मैं सिर फ यह पता लगा ने की कोशिश कर रहा हूँ	సం బం ధ ం లేదు . చ ీ క టి ఎంత త వర గా పడు తు ందో	0.6235
हम आ गए हैं .	వచ చేశా ం .	0.4338
के व ल मैं आप की मदद कर सकता हूँ .	ఇకకడ నీకు సా యం చేయ గ లి గి ంది నే న ొ కకడి ని మా తర మే .	0.5327
हाँ .	అవును .	0.2761
उसके दु श मन थे .	తన కి శ తరు వు లు ఉననా రు .	0.4587
हाँ .	అవును .	0.2761
शायद इसलिए कयोंकि नहीं है .	బహు శా అస లు పర మా ద మే లే కపో వడం వ లల కా వచచు .	0.4559
धन ु ष - बा ण है . हमें इस की आ व श य क ता है .	అకకడ ధ నస సు మరి యు బా ణం ఉననా యి . వాటి అవ సరం మన కు ఉంది .	0.6341
हाँ .	అవును .	0.2761
अगर व ै सा समय आया , तो तुमहें स हम ति दे ने की जरूरत नहीं है .	అంత వర కూ వ సతే , నీ స మమ తి తో అవ సరం ఉండ దు .	0.6257
बस कुछ सै निक मेरी सु र कष ा की गा र ं टी दे सकते हैं .	నా భ దర త కి కొ ద ది మ ందే సరి పో తా రు .	0.5991
वह मुझे सुन ना नहीं चाहते .	నా మాట లని ఆ యన అస స లు వి నా లను కో వడం లేదు .	0.5031
ख ै र , वह श ो क म ना रही है .	తను బా ధ లో ఉంది .	0.4921
और मुझे लगता है कि जैसा मैं उनहें क हूँ गी वे व ै सा ही करेंगे . . .	అంతే గా క నేను చెపపి న టట ే వాళళు చేసతా రు . . .	0.6029
वह अ कष म हो सकती है . वह शायद मर गई हो .	ఇపపుడు తను వి క లా ం గుర ాలు అయ యు ండ వచచు . చని పోయి కూడా ఉండ వచచు .	0.5277
यह हम दोनों के लिए कोई वि कल प नहीं है .	మని దద రికీ మ రో దా రి లేదు .	0.4894
मैं कई बात ों की कल प ना कर सकता हूँ .	నేను చాలా నే అను కో గల ను .	0.4813
तो अब कहा नी यह होगी :	ఇక ఇ పప ట ను ండ ీ క థ ఇలా ఉండ బో తుంది :	0.4501
हम हमेशा से रहे हैं .	ఎ పప ట ను ంచ ో అ వి వే ర వే రు పర ప ంచ ాల ే .	0.4209
यह स था न नि र जन है . यहाँ थोडा खत रा है .	ఇకకడ ఎవ వర ూ ని వ సి ంచడం లేదు . ఇది అంత పర మా ద కర మెన చ ో టు కాదు .	0.5985
व ै सा करो .	అలాగే కా ని వ వు .	0.4135
आ ठ बेह तर र हें गे .	ఎ ని మి ది అయితే బాగు ంటుంది .	0.4406
अब . . .	ఇపపుడు . . .	0.5784
सब ठीक है . अब आप सु र कष ि त हैं .	ఏమీ పర వాల ేదు . మీరు ఇపపుడు సు ర కష ి తంగా నే ఉననా రు .	0.5362
मैं तुमहें तुमहारी नी ंद में मार डा ल ूँगी .	నినను ని దర లో నే చం పే సతాను .	0.4781
अं ध े रा होने से पहले च ले जाओ .	చ ీ క టి పడి మీకు క న బ డ క ము ందే ఇ పపుడ ే బయ లు దే ర ండి .	0.5497
तो हम करी ब र हें ?	అయితే మనం దగగర గా నే ఉంటా మా ?	0.4297
का ट ने वाला ! इ ध र आओ !	కో యు వా డా ! కో యు వా డా ! ఇ కకడికి రా !	0.4948
उनहें यह मान ने देना होता है कि आप ने सु र कष ा कर नी बंद कर दी है .	నువవు వి ర మి ంచా వ ని వాళళ కి తెలియ జ ే య డ మే .	0.5918
तो जब वह मर गई ,	కాబటటి అమమ చని పోయి న పపుడు ,	0.3957
ह नि वा खो गई है .	హ నీ వా మన సు వి రిగి పో యు ంది .	0.4658
ये कैसे हुआ ?	అస లు ఇ ద ె లా జరిగి ంది ?	0.4118
शायद . . . शायद यही होता है	బహు శా . . . బహు శా నువవు చేసే కార యం ముఖ య మెన ది ,	0.5101
मेरा चा कू .	నా క త తి . నా క త తి .	0.3249
तुम और कया ह ल करना चाहते हो ?	ఇంకా నువవు దే నని పరి ష కరి ంచుకో వాలి అనుకుంటుననా వు ?	0.4445
अब कया ?	ఇపపుడు ఏంటి ?	0.3264
तुमहारा नाम कया है ?	నీ పే రే ంటి ?	0.3502
जिस दिन से तुम और तुमहारा भा ई पै दा हुए	మీరు పు టటి ననా టి ను ండ ీ ,	0.4905
मैं थ की हुई हूँ .	నేను చచ చే ంత అ ల సి పోయా ను కను క .	0.4499
कया ?	ఏ మె ంది ?	0.2235
हाँ .	సరే మరి .	0.2448
वे आप तक कैसे पहु ँ चे ?	అస లు వీ ళళు మి మమ లని ఎలా ప టటు కో గ లి గా రు ?	0.5075
कम जो र , स वार थी , पि छ डे .	బ ల హ ీ ను లు , స వా రథ ప రు లు , వె ను క బ డ డ వారి ని .	0.6168
किस तरह के जू ते ? कया वे च म डे के हैं ? कया वे ल क डी हैं ?	ఎలా ంటి బ ూ టలు ? తో లు వా ? కల ప వా ?	0.6019
वह यह जान कर हमें यहाँ ला ए .	అది అతనికి తెలి సే ఇ కకడి దా కా మన లని తీసు కొ చచా డు .	0.4392
और दु ख और भ या वह ता ,	దు ర వ సథ లూ , భ యా న క సం ఘ ట న లూ ఎ దు రె నా ,	0.5759
अभी भी तुमहारे मान को ं पर ख रा नहीं है , ह ँ ?	ఇంకా నీకు త గి న టటు లేదా ?	0.5222
फिर मैं हा र गया , रा नी मर गई .	అ పపుడు నేను వి ఫ ల మ య యా నని , మ హా రా ణ ి చని పోయి ందని అరథం .	0.5005
यही सम स या का ह ल है .	మాట ల తో నే ముందు కె ళళ డం సా ధయ మ వు తుంది .	0.5153
मैं करना नहीं चाहता .	అను కో కుండా ఉండ టా నికి పర యత ని సతుననాను .	0.4028
चे ट - चे ट - चे ट !	పా రా హు ష ా ర !	0.4928
कुछ दिन , शायद स पता ह हो गए हैं .	చని పోయి కొనని రోజు లు అయ యు ండ వచచు , వా ర ాలు కూడా అయ యు ండ వచచు .	0.5021
तुम एक सं प त ति हो जिस के साथ मैं बहुत सा व धा न रह ना चाहता हूँ .	నినను అ తి జా గర తత గా చూ సు కుంటా ను .	0.5577
बस बहुत हो गया .	ఇక చ ాలు .	0.4126
कया तुमहारे पास है ?	మరి నువవు ?	0.4062
अन य किसी म हि ला द वा रा .	మ రో మ హి ళ తో .	0.4102
लेकिन अब . . .	కానీ ఇపపుడు చూ సతు ంటే . . .	0.4734
कयोंकि मैं डर ता था .	ఎందుకంటే నే న పపుడు భ య కం పి తు డి నె ఉననా ను .	0.4239
आओ .	పద ండి .	0.3002
मुझे नहीं पता .	తె లీ దు .	0.4035
हमें दे री हो जाए गी .	అలా అయితే పర యా ణ ంలో చాలా రోజు లు పో తా యి .	0.4516
ध व नि जा ल .	శ బ ద ఆ ధా రి త ఉ చచు లు .	0.5259
मुझे जाना होगा .	నేను వది లి పె టటి రా వల సి వచచి ంది .	0.3347
तुम में पर त िर ो ध करने की कष म ता बहुत जयादा है .	నీ ప ంత ం శ కతి వ ంత మెన ది .	0.5449
कया मतलब ?	ఏం అ ంటుననా వు నువవు ?	0.3023
पक का ?	ఖ చచితంగా నా ?	0.2882
जाओ .	ద ూ సు కు పో .	0.2182
हाँ .	తపప కుండా .	0.2538
उ ठ ो , चु डै ल .	పె కి లే య , ప నికి మ ాలి న దా నా .	0.5400
अब . . .	కానీ ఇపపుడు . . .	0.4796
मेरे लिए कि ता ब ें प ढ ना .	నా కోసం పు సత కాల ను చ ద వ ండి . నా కోసం పు సత కాల ను చ ద వ ండి .	0.5310
जब तक वह एक रा कष स में बद ल नहीं गया .	ప కక న పెటట ే దదాం .	0.5143
मेरी बात सुनो .	నేను చెపప ే ది వి న ండి . నా మాట వి న ండి .	0.3468
चलो .	వెళ దాం పద .	0.2350
को फ ु न भी .	కొ ఫ ూ న కూడా బా ధ లో ఉననా డు .	0.4465
हाँ .	అయి పోయింది .	0.2037
नि ः सं दे ह तुम कर सकते हो !	ఉండ గల వు !	0.3856
वो ह .	ఆ గ ండి , ఆ గ ండి .	0.2534
" ह ल " ?	" మాటలా డి పరి ష కరి ంచుకో వ ాలా " ?	0.3232
